company_name,extracted_email,website,art_affinity_score,art_category,country
Interior Designers Sydney | Rob Mills,contact@robmills.com.au,https://www.robmills.com.au/sydney/interiors,0.0,Neutral,Australia
"VL50: Australia's top 50 interior designers, architects ...",accessissues@news.com.au,https://www.vogue.com.au/vogue-living/design/vl50-australias-top-50-interior-designers-architects-product-designers-and-artists/image-gallery/e021e0a926e987566a6fd9b98f11e8f3,0.0,Neutral,Australia
Hare + Klein Interior Design - Sydney Interior Designers,info@hareklein.com.au,https://hareklein.com.au/,0.0,Neutral,Australia
"Melbourne Interior Designer & Decorator, Victoria","brydie@janegormandecorators.com.au,jane@janegormandecorators.com.au",https://janegormandecorators.com.au/,0.0,Neutral,Australia
"Anna Spiro Design: Brisbane, Sydney & Melbourne based ...","info@annaspirodesign.com.au,info@spirostore.com.au",https://annaspirodesign.com.au/,0.0,Neutral,Australia
Porch Light Interiors | Interior Decorating & Design Studio ...,"example@mysite.com,info@porchlightinteriors.com.au",https://www.porchlightinteriors.com.au/,0.0,Neutral,Australia
Seven Willow Designs | Perth Leading Interior Designer for ...,"enquiry@sevenwillowdesigns.com,8c4075d5481d476e945486754f783364@sentry.io",https://www.sevenwillowdesigns.com/,0.0,Neutral,Australia
Interior Designer Perth - Home Styling Design Services,lindy@lindydewaalinteriors.com.au,"http://www.lindydewaalinteriors.com.au/interior-designer-perth/#:~:text=Interior%20Designer%20Perth%2DConsultation%20Costs,%E2%80%93%20Hourly%20design%20fee%20%E2%80%93%20%24100.",0.0,Neutral,Australia
Moda Interiors | Moda Interior Design - Perth WA,INFO@MODAINTERIORS.COM.AU,https://modainteriors.com.au/,0.0,Neutral,Australia
Georgie Shepherd Interior Design,admin@georgieshepherd.com.au,https://georgieshepherd.com.au/,0.0,Neutral,Australia
Interior Designers Association of South Australia,"geraldine1@internode.on.net,user@domain.com,design@nickola.com.au,michael@ashburtondesign.com.au,trishpickering@bigpond.com,gailscrymgour@gmail.com",https://www.ida-sa.org/,0.0,Neutral,Australia
Home | ILKA interior design studio | Gold Coast | Tweed ...,"8c4075d5481d476e945486754f783364@sentry.io,info@ilkainteriordesignstudio.com.au",https://www.ilkainteriordesignstudio.com/home,0.0,Neutral,Australia
Studio Black Interiors by Maria Cerne | Interior Designer ...,info@studioblack.com.au,https://www.studioblack.com.au/,0.0,Neutral,Australia
Loft Studio Canberra: Interior Designer,kshah@loftstudio.com.au,https://www.loftstudio.com.au/,0.0,Neutral,Australia
The Dept. of Design | Interior Designers,info@deptofdesign.com.au,https://deptofdesign.com.au/,0.0,Neutral,Australia
Morrison Studios | Sunshine Coast Commercial and ...,"hello@dannimorrisonstudios.com,ello@morrisonstudios.com.au,user@domain.com,info@dannimorrisonstudios.com,hello@morrisonstudios.com.au",https://www.morrisonstudios.com.au/,0.0,Neutral,Australia
RJP Design and Decor â€“ Home Interior Designer,enquiries@rjpdesignanddecor.com.au,https://www.rjpdesignanddecor.com.au/,0.0,Neutral,Australia
Sunshine Coast Interior Design | Home Styling Brisbane Gold ...,claire@sunshinecoastinteriordesign.com.au,https://www.sunshinecoastinteriordesign.com.au/,0.0,Neutral,Australia
Clove Interiors | Australian Interior Design | Central Coast,info@cloveinteriors.com.au,https://cloveinteriors.com.au/,0.0,Neutral,Australia
Blossom Design Studio: Interior Designer Central Coast ...,"asset-4@4x-2.webp,asset-4@4x-1.webp,brooke@blossomdesignstudio.com.au",https://blossomdesignstudio.com.au/,0.0,Neutral,Australia
"Paper Lane Interiors - Interior Designer, Styling","impallari@gmail.com,matt@pixelspread.com,hello@rfuenzalida.com,hello@paperlaneinteriors.com.au",https://paperlaneinteriors.com.au/,0.0,Neutral,Australia
"Paiano Design is an Interior Design Studio in Wollongong,",info@paianodesign.com,https://paianodesign.com/,0.0,Neutral,Australia
Premium Interior Design - Interior Design Geelong,mandy@premiuminteriordesign.com.au,https://www.premiuminteriordesign.com.au/,0.0,Neutral,Australia
Tomarchio Designs | Interior Designer,hello@tomarchiodesigns.com,https://tomarchiodesigns.com/,0.0,Neutral,Australia
Interior Decorator Townsville | Tone Design | Queensland,"linda@tonedesign.co,8c4075d5481d476e945486754f783364@sentry.io",https://www.tonedesign.co/,0.0,Neutral,Australia
Andrea Rice | Architect | Interior Designer | Darwin,andrea@andrearicearchitects.com.au,https://www.andrearicearchitects.com.au/,0.0,Neutral,Australia
Design with Andrea: Homepage,andrea@designwithandrea.com.au,https://designwithandrea.com.au/,0.0,Neutral,Australia
Interior Design Solutions - Nest Design Studio - Bendigo,info@nestdesignstudio.com.au,https://www.nestdesignstudio.com.au/,0.0,Neutral,Australia
Inside Home Living | Bendigo interior designer and ...,carlaanderson1@bigpond.com,https://insidehomeliving.com.au/,0.0,Neutral,Australia
Lydia Maskiell Interiors,"lydia_maskiell@hotmail.com,Glendale_37_@coastpark.creative.jpeg,Glendale_24_@coastpark.creative.jpeg,lydia@lydiamaskeill.com.au,lydia@lydiamaskiell.com,Glendale_22_@coastpark.creative.jpeg,user@domain.com,Glendale_Cottage_02_@coastpark.creative.jpeg,lydia@lydiamaskiell.com.au",https://www.lydiamaskiell.com/,0.0,Neutral,Australia
Samantha Milne Interiors | Bespoke Interior Design Services,"hello@samanthamilne.com,HELLO@SAMANTHAMILNE.COM,8c4075d5481d476e945486754f783364@sentry.io",https://www.samanthamilne.com/,0.0,Neutral,Australia
Style Central Home | Interior Design & Decorating,tracey@stylecentralhome.com.au,https://www.stylecentralhome.com.au/,0.0,Neutral,Australia
Interior Design: PRETTY ON THE INSIDE,hello@prettyontheinside.com.au,https://www.prettyontheinside.com.au/,0.0,Neutral,Australia
Interior Designer | Bunbury | Inspired Styling,"inspiredstyling@outlook.com,8c4075d5481d476e945486754f783364@sentry.io",https://www.inspiredstyling.design/,0.0,Neutral,Australia
About - Merge Design,info@mergedesign.com.au,https://mergedesign.com.au/about/,0.0,Neutral,Australia
Interior Design & Colour Consulting - Bundaberg & Bargara ...,leanne@accentoncolour.com.au,https://accentoncolour.com.au/,0.0,Neutral,Australia
"welcome to design studio 22 - architects, interior designers ...",info@designstudio22.com.au,https://designstudio22.com.au/,0.0,Neutral,Australia
Kristie Peel Designs,kristie@kpeeldesigns.com.au,https://kpeeldesigns.com.au/,0.0,Neutral,Australia
Interior Design Services | Blind Innovations Hervey Bay and ...,info@blindinnovationsherveybay.com,https://blindinnovationsherveybay.com/interior-design-services/,0.0,Neutral,Australia
Katrina Lee Designs | Interior Designer Wagga Wagga,hello@katrinaleedesigns.com,https://katrinaleedesigns.com/,0.0,Neutral,Australia
in House Styling: Home,hello@InHouseStyling.com.au,https://inhousestyling.com.au/,0.0,Neutral,Australia
Indigo Interior Design // Melbourne and Gippsland Interior ...,chelsea@indigointeriordesign.com.au,https://www.indigointeriordesign.com.au/,0.0,Neutral,Australia
Morgan Whinray | Interior Design Services,"hello@morganwhinray.com.au,morganwhinray@gmail.com",https://www.morganwhinray.com.au/,0.0,Neutral,Australia
DESiGNiNG Divas: home,"michelle@designingdivas.com.au,info@designingdivas.com.au",https://designingdivas.com.au/,0.0,Neutral,Australia
The Design Remedy: Interior Design Studio.Designing spaces ...,hello@thedesignremedy.com.au,https://thedesignremedy.com.au/,0.0,Neutral,Australia
